PROVINCIA,LOCALIDAD,FECHA,TIPO,DESCRIPCION
,,01-01-2026,Nacional,"AÒo Nuevo"
,,06-01-2026,Nacional,"Epifania del SeÒor"
,,03-04-2026,Nacional,"Viernes Santo"
,,01-05-2026,Nacional,"Fiesta del trabajo"
,,15-08-2026,Nacional,"AsunciÛn de la Virgen"
,,12-10-2026,Nacional,"Fiesta nacional de EspaÒa"
,,08-12-2026,Nacional,"Inmaculada ConcepciÛn"
,,25-12-2026,Nacional,"Natividad del SeÒor"
AlmerÌa,,28-02-2026,AutonÛmico,"DÌa de AndalucÌa"
C·diz,,28-02-2026,AutonÛmico,"DÌa de AndalucÌa"
CÛrdoba,,28-02-2026,AutonÛmico,"DÌa de AndalucÌa"
M·laga,,28-02-2026,AutonÛmico,"DÌa de AndalucÌa"
Huelva,,28-02-2026,AutonÛmico,"DÌa de AndalucÌa"
JaÈn,,28-02-2026,AutonÛmico,"DÌa de AndalucÌa"
Sevilla,,28-02-2026,AutonÛmico,"DÌa de AndalucÌa"
Granada,,28-02-2026,AutonÛmico,"DÌa de AndalucÌa"
Illes Balears,,02-03-2026,AutonÛmico,"Lunes siguiente al DÌa de les Illes Balears"
Alicante,,19-03-2026,AutonÛmico,"San JosÈ"
CastellÛn,,19-03-2026,AutonÛmico,"San JosÈ"
A CoruÒa,,19-03-2026,AutonÛmico,"San JosÈ"
Gipuzkoa,,19-03-2026,AutonÛmico,"San JosÈ"
Ourense,,19-03-2026,AutonÛmico,"San JosÈ"
Murcia,,19-03-2026,AutonÛmico,"DÌa de San JosÈ"
Navarra,,19-03-2026,AutonÛmico,"San JosÈ"
Pontevedra,,19-03-2026,AutonÛmico,"San JosÈ"
Valencia,,19-03-2026,AutonÛmico,"San JosÈ"
Bizkaia,,19-03-2026,AutonÛmico,"San JosÈ"
Araba/¡lava,,19-03-2026,AutonÛmico,"San JosÈ"
Lugo,,19-03-2026,AutonÛmico,"San JosÈ"
Melilla,,20-03-2026,AutonÛmico,"Fiesta del Eid al-Fitr"
Bizkaia,,02-04-2026,AutonÛmico,"Jueves Santo"
Valladolid,,02-04-2026,AutonÛmico,"Jueves Santo"
Zaragoza,,02-04-2026,AutonÛmico,"Jueves Santo"
Ceuta,,02-04-2026,AutonÛmico,"Jueves Santo"
Melilla,,02-04-2026,AutonÛmico,"Jueves Santo"
Ourense,,02-04-2026,AutonÛmico,"Jueves Santo"
Asturias,,02-04-2026,AutonÛmico,"Jueves Santo"
M·laga,,02-04-2026,AutonÛmico,"Jueves Santo"
Araba/¡lava,,02-04-2026,AutonÛmico,"Jueves Santo"
Albacete,,02-04-2026,AutonÛmico,"Jueves Santo"
AlmerÌa,,02-04-2026,AutonÛmico,"Jueves Santo"
¡vila,,02-04-2026,AutonÛmico,"Jueves Santo"
Badajoz,,02-04-2026,AutonÛmico,"Jueves Santo"
Illes Balears,,02-04-2026,AutonÛmico,"Jueves Santo"
Burgos,,02-04-2026,AutonÛmico,"Jueves Santo"
C·ceres,,02-04-2026,AutonÛmico,"Jueves Santo"
C·diz,,02-04-2026,AutonÛmico,"Jueves Santo"
Ciudad Real,,02-04-2026,AutonÛmico,"Jueves Santo"
CÛrdoba,,02-04-2026,AutonÛmico,"Jueves Santo"
A CoruÒa,,02-04-2026,AutonÛmico,"Jueves Santo"
Cuenca,,02-04-2026,AutonÛmico,"Jueves Santo"
Granada,,02-04-2026,AutonÛmico,"Jueves Santo"
Guadalajara,,02-04-2026,AutonÛmico,"Jueves Santo"
Gipuzkoa,,02-04-2026,AutonÛmico,"Jueves Santo"
Huelva,,02-04-2026,AutonÛmico,"Jueves Santo"
Huesca,,02-04-2026,AutonÛmico,"Jueves Santo"
JaÈn,,02-04-2026,AutonÛmico,"Jueves Santo"
LeÛn,,02-04-2026,AutonÛmico,"Jueves Santo"
La Rioja,,02-04-2026,AutonÛmico,"Jueves Santo"
Lugo,,02-04-2026,AutonÛmico,"Jueves Santo"
Madrid,,02-04-2026,AutonÛmico,"Jueves Santo"
Murcia,,02-04-2026,AutonÛmico,"Jueves Santo"
Navarra,,02-04-2026,AutonÛmico,"Jueves Santo"
Palencia,,02-04-2026,AutonÛmico,"Jueves Santo"
Las Palmas,,02-04-2026,AutonÛmico,"Jueves Santo"
Pontevedra,,02-04-2026,AutonÛmico,"Jueves Santo"
Salamanca,,02-04-2026,AutonÛmico,"Jueves Santo"
Santa Cruz de Tenerife,,02-04-2026,AutonÛmico,"Jueves Santo"
Cantabria,,02-04-2026,AutonÛmico,"Jueves Santo"
Segovia,,02-04-2026,AutonÛmico,"Jueves Santo"
Sevilla,,02-04-2026,AutonÛmico,"Jueves Santo"
Soria,,02-04-2026,AutonÛmico,"Jueves Santo"
Teruel,,02-04-2026,AutonÛmico,"Jueves Santo"
Toledo,,02-04-2026,AutonÛmico,"Jueves Santo"
Zamora,,02-04-2026,AutonÛmico,"Jueves Santo"
Bizkaia,,06-04-2026,AutonÛmico,"Lunes de Pascua"
Araba/¡lava,,06-04-2026,AutonÛmico,"Lunes de Pascua"
Albacete,,06-04-2026,AutonÛmico,"Lunes de Pascua"
Alicante,,06-04-2026,AutonÛmico,"Lunes de Pascua"
Illes Balears,,06-04-2026,AutonÛmico,"Lunes de Pascua"
Barcelona,,06-04-2026,AutonÛmico,"Lunes de Pascua"
CastellÛn,,06-04-2026,AutonÛmico,"Lunes de Pascua"
Ciudad Real,,06-04-2026,AutonÛmico,"Lunes de Pascua"
Cuenca,,06-04-2026,AutonÛmico,"Lunes de Pascua"
Girona,,06-04-2026,AutonÛmico,"Lunes de Pascua"
Guadalajara,,06-04-2026,AutonÛmico,"Lunes de Pascua"
Gipuzkoa,,06-04-2026,AutonÛmico,"Lunes de Pascua"
Lleida,,06-04-2026,AutonÛmico,"Lunes de Pascua"
La Rioja,,06-04-2026,AutonÛmico,"Lunes de Pascua"
Navarra,,06-04-2026,AutonÛmico,"Lunes de Pascua"
Tarragona,,06-04-2026,AutonÛmico,"Lunes de Pascua"
Toledo,,06-04-2026,AutonÛmico,"Lunes de Pascua"
Valencia,,06-04-2026,AutonÛmico,"Lunes de Pascua"
Zamora,,23-04-2026,AutonÛmico,"Fiesta de Castilla y LeÛn"
Zaragoza,,23-04-2026,AutonÛmico,"San Jorge DÌa de AragÛn"
¡vila,,23-04-2026,AutonÛmico,"Fiesta de Castilla y LeÛn"
Burgos,,23-04-2026,AutonÛmico,"Fiesta de Castilla y LeÛn"
Huesca,,23-04-2026,AutonÛmico,"San Jorge DÌa de AragÛn"
Valladolid,,23-04-2026,AutonÛmico,"Fiesta de Castilla y LeÛn"
Palencia,,23-04-2026,AutonÛmico,"Fiesta de Castilla y LeÛn"
Salamanca,,23-04-2026,AutonÛmico,"Fiesta de Castilla y LeÛn"
Segovia,,23-04-2026,AutonÛmico,"Fiesta de Castilla y LeÛn"
Soria,,23-04-2026,AutonÛmico,"Fiesta de Castilla y LeÛn"
Teruel,,23-04-2026,AutonÛmico,"San Jorge DÌa de AragÛn"
LeÛn,,23-04-2026,AutonÛmico,"Fiesta de Castilla y LeÛn"
Madrid,,02-05-2026,AutonÛmico,"Fiesta de la Comunidad de Madrid"
Ceuta,,27-05-2026,AutonÛmico,"Fiesta del Sacrificio - Eidul Adha"
Melilla,,27-05-2026,AutonÛmico,"Fiesta del Sacrificio-Aid Al Adha"
Las Palmas,,30-05-2026,AutonÛmico,"DÌa de Canarias"
Santa Cruz de Tenerife,,30-05-2026,AutonÛmico,"DÌa de Canarias"
Albacete,,04-06-2026,AutonÛmico,"Corpus Christi"
Toledo,,04-06-2026,AutonÛmico,"Corpus Christi"
Guadalajara,,04-06-2026,AutonÛmico,"Corpus Christi"
Ciudad Real,,04-06-2026,AutonÛmico,"Corpus Christi"
Cuenca,,04-06-2026,AutonÛmico,"Corpus Christi"
Murcia,,09-06-2026,AutonÛmico,"DÌa de la RegiÛn de Murcia"
La Rioja,,09-06-2026,AutonÛmico,"DÌa de La Rioja"
Pontevedra,,24-06-2026,AutonÛmico,"San Juan"
Tarragona,,24-06-2026,AutonÛmico,"San Juan"
Valencia,,24-06-2026,AutonÛmico,"San Juan"
Lugo,,24-06-2026,AutonÛmico,"San Juan"
Lleida,,24-06-2026,AutonÛmico,"San Juan"
Girona,,24-06-2026,AutonÛmico,"San Juan"
A CoruÒa,,24-06-2026,AutonÛmico,"San Juan"
CastellÛn,,24-06-2026,AutonÛmico,"San Juan"
Barcelona,,24-06-2026,AutonÛmico,"San Juan"
Ourense,,24-06-2026,AutonÛmico,"San Juan"
Alicante,,24-06-2026,AutonÛmico,"San Juan"
Araba/¡lava,,25-07-2026,AutonÛmico,"Santiago ApÛstol"
A CoruÒa,,25-07-2026,AutonÛmico,"Santiago ApÛstol DÌa Nacional de Galicia"
Gipuzkoa,,25-07-2026,AutonÛmico,"Santiago ApÛstol"
Ourense,,25-07-2026,AutonÛmico,"Santiago ApÛstol DÌa Nacional de Galicia"
Pontevedra,,25-07-2026,AutonÛmico,"Santiago ApÛstol DÌa Nacional de Galicia"
Lugo,,25-07-2026,AutonÛmico,"Santiago ApÛstol DÌa Nacional de Galicia"
Bizkaia,,25-07-2026,AutonÛmico,"Santiago ApÛstol"
Cantabria,,28-07-2026,AutonÛmico,"DÌa de las Instituciones de Cantabria"
Ceuta,,05-08-2026,AutonÛmico,"Nuestra SeÒora de ¡frica"
Ceuta,,02-09-2026,AutonÛmico,"DÌa de Ceuta"
C·ceres,,08-09-2026,AutonÛmico,"DÌa de Extremadura"
Asturias,,08-09-2026,AutonÛmico,"DÌa de Asturias"
Badajoz,,08-09-2026,AutonÛmico,"DÌa de Extremadura"
Tarragona,,11-09-2026,AutonÛmico,"Fiesta Nacional de CataluÒa"
Girona,,11-09-2026,AutonÛmico,"Fiesta Nacional de CataluÒa"
Barcelona,,11-09-2026,AutonÛmico,"Fiesta Nacional de CataluÒa"
Lleida,,11-09-2026,AutonÛmico,"Fiesta Nacional de CataluÒa"
Cantabria,,15-09-2026,AutonÛmico,"La Bien Aparecida"
Alicante,,09-10-2026,AutonÛmico,"DÌa de la Comunidad Valenciana"
Valencia,,09-10-2026,AutonÛmico,"DÌa de la Comunidad Valenciana"
CastellÛn,,09-10-2026,AutonÛmico,"DÌa de la Comunidad Valenciana"
Albacete,,02-11-2026,AutonÛmico,"DÌa siguiente a Todos los Santos"
AlmerÌa,,02-11-2026,AutonÛmico,"Lunes siguiente a Todos los Santos"
¡vila,,02-11-2026,AutonÛmico,"DÌa siguiente a Todos los Santos"
Badajoz,,02-11-2026,AutonÛmico,"DÌa siguiente a Todos los Santos"
Burgos,,02-11-2026,AutonÛmico,"DÌa siguiente a Todos los Santos"
C·ceres,,02-11-2026,AutonÛmico,"DÌa siguiente a Todos los Santos"
C·diz,,02-11-2026,AutonÛmico,"Lunes siguiente a Todos los Santos"
Ciudad Real,,02-11-2026,AutonÛmico,"DÌa siguiente a Todos los Santos"
CÛrdoba,,02-11-2026,AutonÛmico,"Lunes siguiente a Todos los Santos"
Cuenca,,02-11-2026,AutonÛmico,"DÌa siguiente a Todos los Santos"
Granada,,02-11-2026,AutonÛmico,"Lunes siguiente a Todos los Santos"
Guadalajara,,02-11-2026,AutonÛmico,"DÌa siguiente a Todos los Santos"
Huelva,,02-11-2026,AutonÛmico,"Lunes siguiente a Todos los Santos"
Huesca,,02-11-2026,AutonÛmico,"DÌa siguiente a Todos los Santos"
JaÈn,,02-11-2026,AutonÛmico,"Lunes siguiente a Todos los Santos"
LeÛn,,02-11-2026,AutonÛmico,"DÌa siguiente a Todos los Santos"
Madrid,,02-11-2026,AutonÛmico,"DÌa siguiente a Todos los Santos"
Navarra,,02-11-2026,AutonÛmico,"DÌa siguiente a Todos los Santos"
Palencia,,02-11-2026,AutonÛmico,"DÌa siguiente a Todos los Santos"
Las Palmas,,02-11-2026,AutonÛmico,"DÌa siguiente a Todos los Santos"
Salamanca,,02-11-2026,AutonÛmico,"DÌa siguiente a Todos los Santos"
Santa Cruz de Tenerife,,02-11-2026,AutonÛmico,"DÌa siguiente a Todos los Santos"
Segovia,,02-11-2026,AutonÛmico,"DÌa siguiente a Todos los Santos"
Sevilla,,02-11-2026,AutonÛmico,"Lunes siguiente a Todos los Santos"
Soria,,02-11-2026,AutonÛmico,"DÌa siguiente a Todos los Santos"
Teruel,,02-11-2026,AutonÛmico,"DÌa siguiente a Todos los Santos"
Toledo,,02-11-2026,AutonÛmico,"DÌa siguiente a Todos los Santos"
Valladolid,,02-11-2026,AutonÛmico,"DÌa siguiente a Todos los Santos"
Zamora,,02-11-2026,AutonÛmico,"DÌa siguiente a Todos los Santos"
Zaragoza,,02-11-2026,AutonÛmico,"DÌa siguiente a Todos los Santos"
Asturias,,02-11-2026,AutonÛmico,"DÌa siguiente a Todos los Santos"
M·laga,,02-11-2026,AutonÛmico,"Lunes siguiente a Todos los Santos"
AlmerÌa,,07-12-2026,AutonÛmico,"Lunes siguiente al DÌa de la ConstituciÛn EspaÒola"
M·laga,,07-12-2026,AutonÛmico,"Lunes siguiente al DÌa de la ConstituciÛn EspaÒola"
Badajoz,,07-12-2026,AutonÛmico,"Lunes siguiente al dÌa de la ConstituciÛn EspaÒola"
¡vila,,07-12-2026,AutonÛmico,"Lunes siguiente al dÌa de la ConstituciÛn EspaÒola"
Asturias,,07-12-2026,AutonÛmico,"Lunes siguiente al dÌa de la ConstituciÛn EspaÒola"
Melilla,,07-12-2026,AutonÛmico,"Lunes siguiente al DÌa de la ConstituciÛn EspaÒola"
Zaragoza,,07-12-2026,AutonÛmico,"Lunes siguiente al DÌa de la ConstituciÛn EspaÒola"
Zamora,,07-12-2026,AutonÛmico,"Lunes siguiente al dÌa de la ConstituciÛn EspaÒola"
Burgos,,07-12-2026,AutonÛmico,"Lunes siguiente al dÌa de la ConstituciÛn EspaÒola"
C·ceres,,07-12-2026,AutonÛmico,"Lunes siguiente al dÌa de la ConstituciÛn EspaÒola"
C·diz,,07-12-2026,AutonÛmico,"Lunes siguiente al DÌa de la ConstituciÛn EspaÒola"
CÛrdoba,,07-12-2026,AutonÛmico,"Lunes siguiente al DÌa de la ConstituciÛn EspaÒola"
Granada,,07-12-2026,AutonÛmico,"Lunes siguiente al DÌa de la ConstituciÛn EspaÒola"
Huelva,,07-12-2026,AutonÛmico,"Lunes siguiente al DÌa de la ConstituciÛn EspaÒola"
Huesca,,07-12-2026,AutonÛmico,"Lunes siguiente al DÌa de la ConstituciÛn EspaÒola"
JaÈn,,07-12-2026,AutonÛmico,"Lunes siguiente al DÌa de la ConstituciÛn EspaÒola"
LeÛn,,07-12-2026,AutonÛmico,"Lunes siguiente al dÌa de la ConstituciÛn EspaÒola"
La Rioja,,07-12-2026,AutonÛmico,"Lunes siguiente al dÌa de la ConstituciÛn EspaÒola"
Madrid,,07-12-2026,AutonÛmico,"Lunes siguiente al dÌa de la ConstituciÛn EspaÒola"
Murcia,,07-12-2026,AutonÛmico,"Lunes siguiente al dÌa de la ConstituciÛn EspaÒola"
Palencia,,07-12-2026,AutonÛmico,"Lunes siguiente al dÌa de la ConstituciÛn EspaÒola"
Salamanca,,07-12-2026,AutonÛmico,"Lunes siguiente al dÌa de la ConstituciÛn EspaÒola"
Cantabria,,07-12-2026,AutonÛmico,"Lunes siguiente al DÌa de la ConstituciÛn EspaÒola"
Segovia,,07-12-2026,AutonÛmico,"Lunes siguiente al dÌa de la ConstituciÛn EspaÒola"
Sevilla,,07-12-2026,AutonÛmico,"Lunes siguiente al DÌa de la ConstituciÛn EspaÒola"
Soria,,07-12-2026,AutonÛmico,"Lunes siguiente al dÌa de la ConstituciÛn EspaÒola"
Teruel,,07-12-2026,AutonÛmico,"Lunes siguiente al DÌa de la ConstituciÛn EspaÒola"
Valladolid,,07-12-2026,AutonÛmico,"Lunes siguiente al dÌa de la ConstituciÛn EspaÒola"
Tarragona,,26-12-2026,AutonÛmico,"San Esteban"
Girona,,26-12-2026,AutonÛmico,"San Esteban"
Lleida,,26-12-2026,AutonÛmico,"San Esteban"
Barcelona,,26-12-2026,AutonÛmico,"San Esteban"
Illes Balears,,26-12-2026,AutonÛmico,"San Esteban"
Granada,GRANADA,02-01-2026,Local,"Fiesta Local"
A CoruÒa,FERROL,07-01-2026,Local,"Fiesta Local"
CastellÛn,MORELLA,07-01-2026,Local,"Fiesta Local"
Murcia,TOTANA,07-01-2026,Local,"Fiesta Local"
Pontevedra,A ILLA DE AROUSA,07-01-2026,Local,"Fiesta Local"
Zaragoza,EJEA DE LOS CABALLEROS,14-01-2026,Local,"Fiesta Local"
Illes Balears,CIUTADELLA DE MENORCA,17-01-2026,Local,"Fiesta Local"
Barcelona,VILANOVA I LA GELTRU,17-01-2026,Local,"Fiesta Local"
Illes Balears,MAO,17-01-2026,Local,"Fiesta Local"
Illes Balears,MANACOR,17-01-2026,Local,"Fiesta Local"
Illes Balears,ARTA,17-01-2026,Local,"Fiesta Local"
Illes Balears,PORTO CRISTO,17-01-2026,Local,"Fiesta Local"
Badajoz,NAVALVILLAR DE PELA,19-01-2026,Local,"Fiesta Local"
Guadalajara,PASTRANA,20-01-2026,Local,"Fiesta Local"
Lleida,SEU D'URGELL (LA),20-01-2026,Local,"Fiesta Local"
Alicante,JIJONA/XIXONA,20-01-2026,Local,"Fiesta Local"
CastellÛn,VINAROS,20-01-2026,Local,"Fiesta Local"
Illes Balears,PALMA DE MALLORCA,20-01-2026,Local,"Fiesta Local"
Gipuzkoa,DONOSTIA-SAN SEBASTIAN,20-01-2026,Local,"Fiesta Local"
Toledo,MADRIDEJOS,20-01-2026,Local,"Fiesta Local"
Zaragoza,ALMUNIA DE DO—A GODINA (LA),20-01-2026,Local,"Fiesta Local"
Cantabria,REINOSA,20-01-2026,Local,"Fiesta Local"
Santa Cruz de Tenerife,SAN SEBASTIAN DE LA GOMERA,20-01-2026,Local,"Fiesta Local"
Salamanca,CIUDAD-RODRIGO,20-01-2026,Local,"Fiesta Local"
Navarra,TAFALLA,20-01-2026,Local,"Fiesta Local"
Sevilla,MARCHENA,20-01-2026,Local,"Fiesta Local"
Barcelona,MOLLET DEL VALLES,22-01-2026,Local,"Fiesta Local"
Valencia,VALENCIA,22-01-2026,Local,"Fiesta Local"
Huesca,HUESCA,22-01-2026,Local,"Fiesta Local"
Cantabria,SAN VICENTE DE LA BARQUERA,22-01-2026,Local,"Fiesta Local"
Murcia,MOLINA DE SEGURA,22-01-2026,Local,"Fiesta Local"
Guadalajara,SIG‹ENZA,22-01-2026,Local,"Fiesta Local"
Cantabria,POTES,22-01-2026,Local,"Fiesta Local"
Toledo,TOLEDO,23-01-2026,Local,"Fiesta Local"
M·laga,RONDA,24-01-2026,Local,"Fiesta Local"
Madrid,ALCOBENDAS,24-01-2026,Local,"Fiesta Local"
Cuenca,TARANCON,28-01-2026,Local,"Fiesta Local"
Zaragoza,ZARAGOZA,29-01-2026,Local,"Fiesta Local"
Tarragona,AMETLLA DE MAR (L'),02-02-2026,Local,"Fiesta Local"
Santa Cruz de Tenerife,PUERTO DE LA CRUZ,02-02-2026,Local,"Fiesta Local"
Santa Cruz de Tenerife,OROTAVA (LA),02-02-2026,Local,"Fiesta Local"
Santa Cruz de Tenerife,SAN CRISTOBAL DE LA LAGUNA,02-02-2026,Local,"Fiesta Local"
Santa Cruz de Tenerife,ICOD DE LOS VINOS,02-02-2026,Local,"Fiesta Local"
Santa Cruz de Tenerife,G‹IMAR,02-02-2026,Local,"Fiesta Local"
Santa Cruz de Tenerife,GRANADILLA DE ABONA,02-02-2026,Local,"Fiesta Local"
Santa Cruz de Tenerife,ARONA,02-02-2026,Local,"Fiesta Local"
Palencia,PALENCIA,02-02-2026,Local,"Fiesta Local"
Albacete,ALCARAZ,02-02-2026,Local,"Fiesta Local"
Santa Cruz de Tenerife,SANTA CRUZ DE TENERIFE,02-02-2026,Local,"Fiesta Local"
Huelva,ARACENA,03-02-2026,Local,"Fiesta Local"
Murcia,SAN JAVIER,03-02-2026,Local,"Fiesta Local"
CastellÛn,BORRIANA/BURRIANA,03-02-2026,Local,"Fiesta Local"
Tarragona,VALLS,03-02-2026,Local,"Fiesta Local"
Asturias,GOZON,05-02-2026,Local,"Fiesta Local"
CÛrdoba,POZOBLANCO,09-02-2026,Local,"Fiesta Local"
Cantabria,SANTO—A,13-02-2026,Local,"Fiesta Local"
Girona,SANT FELIU DE GUIXOLS,13-02-2026,Local,"Fiesta Local"
Girona,ROSES,13-02-2026,Local,"Fiesta Local"
Girona,ROSES,16-02-2026,Local,"Fiesta Local"
A CoruÒa,NOIA,16-02-2026,Local,"Fiesta Local"
Asturias,RIBADESELLA,16-02-2026,Local,"Fiesta Local"
Pontevedra,CAMBADOS,16-02-2026,Local,"Fiesta Local"
C·diz,CADIZ,16-02-2026,Local,"Fiesta Local"
Santa Cruz de Tenerife,SANTA CRUZ DE TENERIFE,17-02-2026,Local,"Fiesta Local"
Badajoz,BADAJOZ,17-02-2026,Local,"Fiesta Local"
C·ceres,NAVALMORAL DE LA MATA,17-02-2026,Local,"Fiesta Local"
A CoruÒa,BETANZOS,17-02-2026,Local,"Fiesta Local"
A CoruÒa,CARBALLO,17-02-2026,Local,"Fiesta Local"
A CoruÒa,CEDEIRA,17-02-2026,Local,"Fiesta Local"
A CoruÒa,CORU—A (A),17-02-2026,Local,"Fiesta Local"
A CoruÒa,MALPICA DE BERGANTI—OS,17-02-2026,Local,"Fiesta Local"
A CoruÒa,ORTIGUEIRA,17-02-2026,Local,"Fiesta Local"
A CoruÒa,RIBEIRA,17-02-2026,Local,"Fiesta Local"
A CoruÒa,SADA,17-02-2026,Local,"Fiesta Local"
A CoruÒa,SANTIAGO DE COMPOSTELA,17-02-2026,Local,"Fiesta Local"
Lugo,LUGO,17-02-2026,Local,"Fiesta Local"
Lugo,RIBADEO,17-02-2026,Local,"Fiesta Local"
Lugo,VIVEIRO,17-02-2026,Local,"Fiesta Local"
Lugo,BURELA,17-02-2026,Local,"Fiesta Local"
LeÛn,BA—EZA (LA),17-02-2026,Local,"Fiesta Local"
Murcia,AGUILAS,17-02-2026,Local,"Fiesta Local"
Ourense,CELANOVA,17-02-2026,Local,"Fiesta Local"
Ourense,XINZO DE LIMIA,17-02-2026,Local,"Fiesta Local"
Ourense,OURENSE,17-02-2026,Local,"Fiesta Local"
Ourense,RIBADAVIA,17-02-2026,Local,"Fiesta Local"
Asturias,GIJON,17-02-2026,Local,"Fiesta Local"
Las Palmas,ARRECIFE,17-02-2026,Local,"Fiesta Local"
Las Palmas,ARUCAS,17-02-2026,Local,"Fiesta Local"
Las Palmas,LAS PALMAS DE GRAN CANARIA,17-02-2026,Local,"Fiesta Local"
Las Palmas,PUERTO DEL ROSARIO,17-02-2026,Local,"Fiesta Local"
Las Palmas,SANTA LUCIA TIRAJANA,17-02-2026,Local,"Fiesta Local"
Pontevedra,A ILLA DE AROUSA,17-02-2026,Local,"Fiesta Local"
Santa Cruz de Tenerife,ARONA,17-02-2026,Local,"Fiesta Local"
Santa Cruz de Tenerife,GRANADILLA DE ABONA,17-02-2026,Local,"Fiesta Local"
Santa Cruz de Tenerife,ICOD DE LOS VINOS,17-02-2026,Local,"Fiesta Local"
Santa Cruz de Tenerife,SAN CRISTOBAL DE LA LAGUNA,17-02-2026,Local,"Fiesta Local"
Santa Cruz de Tenerife,OROTAVA (LA),17-02-2026,Local,"Fiesta Local"
Santa Cruz de Tenerife,SANTA CRUZ DE LA PALMA,17-02-2026,Local,"Fiesta Local"
Albacete,RODA (LA),18-02-2026,Local,"Fiesta Local"
Pontevedra,PONTEVEDRA,18-02-2026,Local,"Fiesta Local"
Ourense,VERIN,18-02-2026,Local,"Fiesta Local"
C·ceres,NAVALMORAL DE LA MATA,18-02-2026,Local,"Fiesta Local"
Albacete,VILLARROBLEDO,20-02-2026,Local,"Fiesta Local"
Barcelona,MANRESA,21-02-2026,Local,"Fiesta Local"
Granada,ALHAMA DE GRANADA,23-02-2026,Local,"Fiesta Local"
Santa Cruz de Tenerife,SAN SEBASTIAN DE LA GOMERA,24-02-2026,Local,"Fiesta Local"
Illes Balears,LLUCMAJOR,03-03-2026,Local,"Fiesta Local"
La Rioja,CALAHORRA,03-03-2026,Local,"Fiesta Local"
Pontevedra,TUI,04-03-2026,Local,"Fiesta Local"
Zaragoza,ZARAGOZA,05-03-2026,Local,"Fiesta Local"
Zaragoza,DAROCA,07-03-2026,Local,"Fiesta Local"
CastellÛn,CASTELLON DE LA PLANA/CASTELLO DE LA PLA,09-03-2026,Local,"Fiesta Local"
CÛrdoba,BAENA,19-03-2026,Local,"Fiesta Local"
Granada,ORGIVA,20-03-2026,Local,"Fiesta Local"
CastellÛn,MORELLA,20-03-2026,Local,"Fiesta Local"
Ceuta,CEUTA,20-03-2026,Local,"Fiesta Local"
La Rioja,ARNEDO,20-03-2026,Local,"Fiesta Local"
Valencia,REQUENA,27-03-2026,Local,"Fiesta Local"
Pontevedra,CANGAS,27-03-2026,Local,"Fiesta Local"
Murcia,CARTAGENA,27-03-2026,Local,"Fiesta Local"
Murcia,AGUILAS,27-03-2026,Local,"Fiesta Local"
Granada,ALHAMA DE GRANADA,27-03-2026,Local,"Fiesta Local"
Pontevedra,VIGO,28-03-2026,Local,"Fiesta Local"
Zaragoza,CASPE,06-04-2026,Local,"Fiesta Local"
Las Palmas,MOGAN,06-04-2026,Local,"Fiesta Local"
Asturias,LLANES,06-04-2026,Local,"Fiesta Local"
Asturias,AVILES,06-04-2026,Local,"Fiesta Local"
Murcia,JUMILLA,06-04-2026,Local,"Fiesta Local"
Pontevedra,SANXENXO,06-04-2026,Local,"Fiesta Local"
Badajoz,AZUAGA,06-04-2026,Local,"Fiesta Local"
Badajoz,DON BENITO,06-04-2026,Local,"Fiesta Local"
Badajoz,NAVALVILLAR DE PELA,06-04-2026,Local,"Fiesta Local"
C·ceres,TRUJILLO,06-04-2026,Local,"Fiesta Local"
A CoruÒa,FERROL,06-04-2026,Local,"Fiesta Local"
A CoruÒa,FISTERRA,06-04-2026,Local,"Fiesta Local"
AlmerÌa,VELEZ RUBIO,06-04-2026,Local,"Fiesta Local"
Madrid,ALCORCON,06-04-2026,Local,"Fiesta Local"
Huesca,MONZON,06-04-2026,Local,"Fiesta Local"
Murcia,MURCIA,07-04-2026,Local,"Fiesta Local"
Lugo,MONFORTE DE LEMOS,07-04-2026,Local,"Fiesta Local"
Girona,SANTA COLOMA DE FARNERS,07-04-2026,Local,"Fiesta Local"
Girona,BLANES,07-04-2026,Local,"Fiesta Local"
Teruel,TERUEL,07-04-2026,Local,"Fiesta Local"
Valencia,SAGUNTO/SAGUNT,13-04-2026,Local,"Fiesta Local"
C·diz,OLVERA,13-04-2026,Local,"Fiesta Local"
CastellÛn,NULES,13-04-2026,Local,"Fiesta Local"
CastellÛn,VALL D'UIXO (LA),13-04-2026,Local,"Fiesta Local"
Alicante,DENIA,13-04-2026,Local,"Fiesta Local"
Alicante,ELCHE/ELX,13-04-2026,Local,"Fiesta Local"
Alicante,TORREVIEJA,13-04-2026,Local,"Fiesta Local"
Alicante,VILLENA,13-04-2026,Local,"Fiesta Local"
Segovia,CUELLAR,13-04-2026,Local,"Fiesta Local"
Asturias,LENA,13-04-2026,Local,"Fiesta Local"
Pontevedra,REDONDELA,13-04-2026,Local,"Fiesta Local"
Valencia,SUECA,13-04-2026,Local,"Fiesta Local"
Valencia,TORRENT,13-04-2026,Local,"Fiesta Local"
Valencia,VALENCIA,13-04-2026,Local,"Fiesta Local"
Zamora,BENAVENTE,13-04-2026,Local,"Fiesta Local"
Valencia,ALZIRA,13-04-2026,Local,"Fiesta Local"
Valencia,ALDAIA,13-04-2026,Local,"Fiesta Local"
Valencia,CATARROJA,13-04-2026,Local,"Fiesta Local"
Valencia,CULLERA,13-04-2026,Local,"Fiesta Local"
Valencia,GANDIA,13-04-2026,Local,"Fiesta Local"
Valencia,LLIRIA,13-04-2026,Local,"Fiesta Local"
Valencia,PATERNA,13-04-2026,Local,"Fiesta Local"
Valencia,REQUENA,13-04-2026,Local,"Fiesta Local"
Alicante,ALICANTE/ALACANT,16-04-2026,Local,"Fiesta Local"
Valencia,CULLERA,17-04-2026,Local,"Fiesta Local"
Barcelona,TERRASSA,17-04-2026,Local,"Fiesta Local"
Sevilla,SEVILLA,22-04-2026,Local,"Fiesta Local"
Barcelona,IGUALADA,22-04-2026,Local,"Fiesta Local"
A CoruÒa,CAMARI—AS,23-04-2026,Local,"Fiesta Local"
C·ceres,CACERES,23-04-2026,Local,"Fiesta Local"
CÛrdoba,PUENTE GENIL,25-04-2026,Local,"Fiesta Local"
Santa Cruz de Tenerife,ICOD DE LOS VINOS,25-04-2026,Local,"Fiesta Local"
Badajoz,ALMENDRALEJO,25-04-2026,Local,"Fiesta Local"
Alicante,ALCOY/ALCOI,25-04-2026,Local,"Fiesta Local"
Granada,LOJA,25-04-2026,Local,"Fiesta Local"
Barcelona,MARTORELL,27-04-2026,Local,"Fiesta Local"
AlmerÌa,EJIDO (EL),27-04-2026,Local,"Fiesta Local"
JaÈn,ANDUJAR,27-04-2026,Local,"Fiesta Local"
Alicante,ALCOY/ALCOI,27-04-2026,Local,"Fiesta Local"
Albacete,CASAS-IBA—EZ,27-04-2026,Local,"Fiesta Local"
Araba/¡lava,LAGUARDIA,28-04-2026,Local,"Fiesta Local"
La Rioja,NAJERA,28-04-2026,Local,"Fiesta Local"
Pontevedra,TUI,28-04-2026,Local,"Fiesta Local"
Araba/¡lava,LAUDIO/LLODIO,28-04-2026,Local,"Fiesta Local"
Araba/¡lava,AMURRIO,28-04-2026,Local,"Fiesta Local"
Araba/¡lava,VITORIA-GASTEIZ,28-04-2026,Local,"Fiesta Local"
C·diz,BARBATE,30-04-2026,Local,"Fiesta Local"
¡vila,AVILA,02-05-2026,Local,"Fiesta Local"
Murcia,CARAVACA DE LA CRUZ,02-05-2026,Local,"Fiesta Local"
M·laga,COIN,03-05-2026,Local,"Fiesta Local"
CÛrdoba,PUENTE GENIL,04-05-2026,Local,"Fiesta Local"
Granada,MOTRIL,04-05-2026,Local,"Fiesta Local"
Murcia,CARAVACA DE LA CRUZ,04-05-2026,Local,"Fiesta Local"
C·diz,PUERTO DE SANTA MARIA(EL),04-05-2026,Local,"Fiesta Local"
Santa Cruz de Tenerife,SANTA CRUZ DE TENERIFE,04-05-2026,Local,"Fiesta Local"
CÛrdoba,LUCENA,04-05-2026,Local,"Fiesta Local"
Barcelona,CERDANYOLA DEL VALLES,05-05-2026,Local,"Fiesta Local"
JaÈn,MARTOS,05-05-2026,Local,"Fiesta Local"
Albacete,ALMANSA,06-05-2026,Local,"Fiesta Local"
Sevilla,DOS HERMANAS,07-05-2026,Local,"Fiesta Local"
CÛrdoba,POZOBLANCO,08-05-2026,Local,"Fiesta Local"
Sevilla,SANLUCAR LA MAYOR,08-05-2026,Local,"Fiesta Local"
CastellÛn,BENICARLO,09-05-2026,Local,"Fiesta Local"
C·ceres,CORIA,11-05-2026,Local,"Fiesta Local"
Huelva,MOGUER,11-05-2026,Local,"Fiesta Local"
Huelva,LEPE,11-05-2026,Local,"Fiesta Local"
Lleida,LLEIDA,11-05-2026,Local,"Fiesta Local"
CÛrdoba,RUTE,11-05-2026,Local,"Fiesta Local"
C·diz,JEREZ DE LA FRONTERA,11-05-2026,Local,"Fiesta Local"
Girona,RIPOLL,11-05-2026,Local,"Fiesta Local"
Barcelona,SABADELL,12-05-2026,Local,"Fiesta Local"
Girona,RIPOLL,12-05-2026,Local,"Fiesta Local"
Valladolid,VALLADOLID,13-05-2026,Local,"Fiesta Local"
Madrid,GETAFE,14-05-2026,Local,"Fiesta Local"
Lleida,TREMP,14-05-2026,Local,"Fiesta Local"
Lleida,TARREGA,14-05-2026,Local,"Fiesta Local"
A CoruÒa,SANTIAGO DE COMPOSTELA,14-05-2026,Local,"Fiesta Local"
Madrid,ALCOBENDAS,15-05-2026,Local,"Fiesta Local"
Madrid,COSLADA,15-05-2026,Local,"Fiesta Local"
Badajoz,AZUAGA,15-05-2026,Local,"Fiesta Local"
Santa Cruz de Tenerife,VALVERDE,15-05-2026,Local,"Fiesta Local"
Toledo,TALAVERA DE LA REINA,15-05-2026,Local,"Fiesta Local"
Toledo,QUINTANAR DE LA ORDEN,15-05-2026,Local,"Fiesta Local"
Madrid,MADRID,15-05-2026,Local,"Fiesta Local"
Las Palmas,GALDAR,15-05-2026,Local,"Fiesta Local"
Sevilla,CARMONA,15-05-2026,Local,"Fiesta Local"
Madrid,MOSTOLES,15-05-2026,Local,"Fiesta Local"
M·laga,ESTEPONA,15-05-2026,Local,"Fiesta Local"
JaÈn,CAROLINA (LA),15-05-2026,Local,"Fiesta Local"
Burgos,MEDINA DE POMAR,15-05-2026,Local,"Fiesta Local"
JaÈn,CAZORLA,15-05-2026,Local,"Fiesta Local"
Cuenca,MOTILLA DEL PALANCAR,15-05-2026,Local,"Fiesta Local"
Guadalajara,AZUQUECA DE HENARES,15-05-2026,Local,"Fiesta Local"
Badajoz,ZAFRA,15-05-2026,Local,"Fiesta Local"
Granada,GUADIX,15-05-2026,Local,"Fiesta Local"
C·ceres,VALENCIA DE ALCANTARA,15-05-2026,Local,"Fiesta Local"
CÛrdoba,PALMA DEL RIO,18-05-2026,Local,"Fiesta Local"
CastellÛn,VILA-REAL,18-05-2026,Local,"Fiesta Local"
Huelva,PUNTA UMBRIA,18-05-2026,Local,"Fiesta Local"
Soria,ALMAZAN,18-05-2026,Local,"Fiesta Local"
Sevilla,OSUNA,18-05-2026,Local,"Fiesta Local"
Gipuzkoa,BEASAIN,18-05-2026,Local,"Fiesta Local"
Tarragona,CAMBRILS,20-05-2026,Local,"Fiesta Local"
Barcelona,SANT BOI DE LLOBREGAT,20-05-2026,Local,"Fiesta Local"
Ciudad Real,PUERTOLLANO,21-05-2026,Local,"Fiesta Local"
Badajoz,MERIDA,21-05-2026,Local,"Fiesta Local"
Pontevedra,VILAGARCIA DE AROUSA,22-05-2026,Local,"Fiesta Local"
Badajoz,ALBURQUERQUE,22-05-2026,Local,"Fiesta Local"
Ourense,BARCO DE VALDEORRAS (O),22-05-2026,Local,"Fiesta Local"
Navarra,ESTELLA-LIZARRA,25-05-2026,Local,"Fiesta Local"
Cantabria,SANTANDER,25-05-2026,Local,"Fiesta Local"
Zamora,TORO,25-05-2026,Local,"Fiesta Local"
Zamora,ZAMORA,25-05-2026,Local,"Fiesta Local"
Tarragona,TORTOSA,25-05-2026,Local,"Fiesta Local"
Teruel,MONTALBAN,25-05-2026,Local,"Fiesta Local"
Burgos,MIRANDA DE EBRO,25-05-2026,Local,"Fiesta Local"
¡vila,PIEDRAHITA,25-05-2026,Local,"Fiesta Local"
Barcelona,BADALONA,25-05-2026,Local,"Fiesta Local"
Barcelona,ESPLUGUES DE LLOBREGAT,25-05-2026,Local,"Fiesta Local"
Barcelona,MARTORELL,25-05-2026,Local,"Fiesta Local"
Barcelona,MONTCADA I REIXAC,25-05-2026,Local,"Fiesta Local"
Barcelona,PRAT DE LLOBREGAT (EL),25-05-2026,Local,"Fiesta Local"
Barcelona,SANT ADRIA DE BESOS,25-05-2026,Local,"Fiesta Local"
Girona,BISBAL D'EMPORDA (LA),25-05-2026,Local,"Fiesta Local"
Girona,FIGUERES,25-05-2026,Local,"Fiesta Local"
Granada,HUESCAR,25-05-2026,Local,"Fiesta Local"
Ciudad Real,CIUDAD REAL,25-05-2026,Local,"Fiesta Local"
Cuenca,SAN CLEMENTE,25-05-2026,Local,"Fiesta Local"
Madrid,GETAFE,25-05-2026,Local,"Fiesta Local"
Asturias,OVIEDO,26-05-2026,Local,"Fiesta Local"
Sevilla,LORA DEL RIO,28-05-2026,Local,"Fiesta Local"
LeÛn,CISTIERNA,28-05-2026,Local,"Fiesta Local"
Asturias,VALDES,29-05-2026,Local,"Fiesta Local"
C·ceres,CACERES,29-05-2026,Local,"Fiesta Local"
Madrid,ARANJUEZ,29-05-2026,Local,"Fiesta Local"
Barcelona,GRANOLLERS,30-05-2026,Local,"Fiesta Local"
M·laga,COIN,01-06-2026,Local,"Fiesta Local"
Zaragoza,CALATAYUD,01-06-2026,Local,"Fiesta Local"
Cuenca,CUENCA,01-06-2026,Local,"Fiesta Local"
Zamora,BENAVENTE,03-06-2026,Local,"Fiesta Local"
Sevilla,MARCHENA,04-06-2026,Local,"Fiesta Local"
Sevilla,SAN JUAN DE AZNALFARACHE,04-06-2026,Local,"Fiesta Local"
Sevilla,SEVILLA,04-06-2026,Local,"Fiesta Local"
Sevilla,SANLUCAR LA MAYOR,04-06-2026,Local,"Fiesta Local"
CÛrdoba,PRIEGO DE CORDOBA,04-06-2026,Local,"Fiesta Local"
Granada,GRANADA,04-06-2026,Local,"Fiesta Local"
Zaragoza,DAROCA,04-06-2026,Local,"Fiesta Local"
Pontevedra,REDONDELA,04-06-2026,Local,"Fiesta Local"
Sevilla,ALCALA DE GUADAIRA,05-06-2026,Local,"Fiesta Local"
Ciudad Real,VALDEPE—AS,06-06-2026,Local,"Fiesta Local"
Murcia,JUMILLA,08-06-2026,Local,"Fiesta Local"
C·diz,SANLUCAR DE BARRAMEDA,08-06-2026,Local,"Fiesta Local"
Madrid,COSLADA,08-06-2026,Local,"Fiesta Local"
Lugo,BURELA,08-06-2026,Local,"Fiesta Local"
Barcelona,VIC,09-06-2026,Local,"Fiesta Local"
Barcelona,SANTA COLOMA DE GRAMENET,09-06-2026,Local,"Fiesta Local"
Barcelona,SANT FELIU DE LLOBREGAT,09-06-2026,Local,"Fiesta Local"
Barcelona,MATARO,09-06-2026,Local,"Fiesta Local"
Barcelona,HOSPITALET DE LLOBREGAT (L'),09-06-2026,Local,"Fiesta Local"
Barcelona,CORNELLA DE LLOBREGAT,09-06-2026,Local,"Fiesta Local"
Barcelona,BARCELONA,09-06-2026,Local,"Fiesta Local"
Pontevedra,CA—IZA (A),09-06-2026,Local,"Fiesta Local"
Santa Cruz de Tenerife,OROTAVA (LA),11-06-2026,Local,"Fiesta Local"
C·ceres,PLASENCIA,11-06-2026,Local,"Fiesta Local"
La Rioja,LOGRO—O,11-06-2026,Local,"Fiesta Local"
JaÈn,JAEN,11-06-2026,Local,"Fiesta Local"
M·laga,MARBELLA,11-06-2026,Local,"Fiesta Local"
Salamanca,SALAMANCA,12-06-2026,Local,"Fiesta Local"
JaÈn,ALCALA LA REAL,12-06-2026,Local,"Fiesta Local"
Madrid,COLLADO VILLALBA,12-06-2026,Local,"Fiesta Local"
AlmerÌa,CARBONERAS,12-06-2026,Local,"Fiesta Local"
Burgos,BURGOS,12-06-2026,Local,"Fiesta Local"
C·ceres,PLASENCIA,12-06-2026,Local,"Fiesta Local"
Palencia,GUARDO,12-06-2026,Local,"Fiesta Local"
Murcia,MAZARRON,12-06-2026,Local,"Fiesta Local"
C·diz,CHICLANA DE LA FRONTERA,12-06-2026,Local,"Fiesta Local"
Palencia,GUARDO,13-06-2026,Local,"Fiesta Local"
Asturias,CANGAS DE ONIS,13-06-2026,Local,"Fiesta Local"
Lugo,MONFORTE DE LEMOS,13-06-2026,Local,"Fiesta Local"
AlmerÌa,CARBONERAS,13-06-2026,Local,"Fiesta Local"
Ceuta,CEUTA,13-06-2026,Local,"Fiesta Local"
Valladolid,MEDINA DEL CAMPO,13-06-2026,Local,"Fiesta Local"
Santa Cruz de Tenerife,GRANADILLA DE ABONA,13-06-2026,Local,"Fiesta Local"
Huelva,CORTEGANA,15-06-2026,Local,"Fiesta Local"
Barcelona,CALELLA,16-06-2026,Local,"Fiesta Local"
Barcelona,BERGA,19-06-2026,Local,"Fiesta Local"
Barcelona,CORNELLA DE LLOBREGAT,20-06-2026,Local,"Fiesta Local"
Madrid,TORREJON DE ARDOZ,22-06-2026,Local,"Fiesta Local"
Pontevedra,PONTEAREAS,23-06-2026,Local,"Fiesta Local"
Madrid,TORREJON DE ARDOZ,23-06-2026,Local,"Fiesta Local"
Alicante,ALICANTE/ALACANT,23-06-2026,Local,"Fiesta Local"
Tarragona,VALLS,23-06-2026,Local,"Fiesta Local"
Las Palmas,ARUCAS,24-06-2026,Local,"Fiesta Local"
Illes Balears,PALMA DE MALLORCA,24-06-2026,Local,"Fiesta Local"
Illes Balears,CIUTADELLA DE MENORCA,24-06-2026,Local,"Fiesta Local"
Illes Balears,CALVIA,24-06-2026,Local,"Fiesta Local"
Badajoz,BADAJOZ,24-06-2026,Local,"Fiesta Local"
Santa Cruz de Tenerife,RESTINGA (LA),24-06-2026,Local,"Fiesta Local"
Zaragoza,EJEA DE LOS CABALLEROS,24-06-2026,Local,"Fiesta Local"
Valladolid,MEDINA DE RIOSECO,24-06-2026,Local,"Fiesta Local"
CÛrdoba,CABRA,24-06-2026,Local,"Fiesta Local"
Las Palmas,LAS PALMAS DE GRAN CANARIA,24-06-2026,Local,"Fiesta Local"
Gipuzkoa,TOLOSA,24-06-2026,Local,"Fiesta Local"
Gipuzkoa,EIBAR,24-06-2026,Local,"Fiesta Local"
LeÛn,LEON,24-06-2026,Local,"Fiesta Local"
LeÛn,ASTORGA,24-06-2026,Local,"Fiesta Local"
M·laga,BENALMADENA,24-06-2026,Local,"Fiesta Local"
Asturias,MIERES DEL CAMINO,24-06-2026,Local,"Fiesta Local"
Sevilla,SAN JUAN DE AZNALFARACHE,24-06-2026,Local,"Fiesta Local"
Sevilla,UTRERA,24-06-2026,Local,"Fiesta Local"
Asturias,RIBADESELLA,24-06-2026,Local,"Fiesta Local"
Granada,MOTRIL,24-06-2026,Local,"Fiesta Local"
C·ceres,CORIA,24-06-2026,Local,"Fiesta Local"
Palencia,AGUILAR DE CAMPOO,24-06-2026,Local,"Fiesta Local"
C·diz,ALGECIRAS,24-06-2026,Local,"Fiesta Local"
Asturias,SOTO DEL BARCO,24-06-2026,Local,"Fiesta Local"
Las Palmas,TELDE,24-06-2026,Local,"Fiesta Local"
Araba/¡lava,LAGUARDIA,24-06-2026,Local,"Fiesta Local"
Albacete,ALBACETE,24-06-2026,Local,"Fiesta Local"
AlmerÌa,ALMERIA,24-06-2026,Local,"Fiesta Local"
Soria,SORIA,25-06-2026,Local,"Fiesta Local"
Girona,PALAMOS,25-06-2026,Local,"Fiesta Local"
La Rioja,HARO,25-06-2026,Local,"Fiesta Local"
A CoruÒa,CARBALLO,25-06-2026,Local,"Fiesta Local"
Lugo,SARRIA,25-06-2026,Local,"Fiesta Local"
Huesca,JACA,25-06-2026,Local,"Fiesta Local"
Gipuzkoa,ZARAUTZ,26-06-2026,Local,"Fiesta Local"
Girona,PALAMOS,26-06-2026,Local,"Fiesta Local"
Cantabria,CASTRO-URDIALES,26-06-2026,Local,"Fiesta Local"
Pontevedra,ESTRADA (A),26-06-2026,Local,"Fiesta Local"
Pontevedra,ESTRADA (A),27-06-2026,Local,"Fiesta Local"
Illes Balears,ALCUDIA,29-06-2026,Local,"Fiesta Local"
AlmerÌa,EJIDO (EL),29-06-2026,Local,"Fiesta Local"
Barcelona,GAVA,29-06-2026,Local,"Fiesta Local"
Burgos,BURGOS,29-06-2026,Local,"Fiesta Local"
Girona,FIGUERES,29-06-2026,Local,"Fiesta Local"
CastellÛn,CASTELLON DE LA PLANA/CASTELLO DE LA PLA,29-06-2026,Local,"Fiesta Local"
CastellÛn,VINAROS,29-06-2026,Local,"Fiesta Local"
A CoruÒa,CORCUBION,29-06-2026,Local,"Fiesta Local"
A CoruÒa,MELIDE,29-06-2026,Local,"Fiesta Local"
A CoruÒa,MUROS,29-06-2026,Local,"Fiesta Local"
Huesca,JACA,29-06-2026,Local,"Fiesta Local"
Segovia,SEGOVIA,29-06-2026,Local,"Fiesta Local"
Navarra,DONEZTEBE/SANTESTEBAN,29-06-2026,Local,"Fiesta Local"
Asturias,CUDILLERO,29-06-2026,Local,"Fiesta Local"
Asturias,GIJON,29-06-2026,Local,"Fiesta Local"
Asturias,LANGREO,29-06-2026,Local,"Fiesta Local"
Asturias,SOTO DEL BARCO,29-06-2026,Local,"Fiesta Local"
Asturias,TAPIA DE CASARIEGO,29-06-2026,Local,"Fiesta Local"
Palencia,AGUILAR DE CAMPOO,29-06-2026,Local,"Fiesta Local"
Santa Cruz de Tenerife,G‹IMAR,29-06-2026,Local,"Fiesta Local"
Santa Cruz de Tenerife,VALVERDE,29-06-2026,Local,"Fiesta Local"
Bizkaia,GERNIKA-LUMO,29-06-2026,Local,"Fiesta Local"
Bizkaia,SESTAO,29-06-2026,Local,"Fiesta Local"
Zamora,ZAMORA,29-06-2026,Local,"Fiesta Local"
Tarragona,AMETLLA DE MAR (L'),29-06-2026,Local,"Fiesta Local"
Tarragona,CAMBRILS,29-06-2026,Local,"Fiesta Local"
Tarragona,REUS,29-06-2026,Local,"Fiesta Local"
Gipuzkoa,IRUN,30-06-2026,Local,"Fiesta Local"
Bizkaia,PORTUGALETE,01-07-2026,Local,"Fiesta Local"
Illes Balears,ALCUDIA,02-07-2026,Local,"Fiesta Local"
Barcelona,VIC,05-07-2026,Local,"Fiesta Local"
Santa Cruz de Tenerife,PINAR DE EL HIERRO (EL),05-07-2026,Local,"Fiesta Local"
Navarra,PAMPLONA/IRU—A,07-07-2026,Local,"Fiesta Local"
Lleida,SEU D'URGELL (LA),07-07-2026,Local,"Fiesta Local"
Barcelona,TERRASSA,07-07-2026,Local,"Fiesta Local"
Alicante,DENIA,08-07-2026,Local,"Fiesta Local"
Barcelona,ARENYS DE MAR,09-07-2026,Local,"Fiesta Local"
Ciudad Real,MANZANARES,10-07-2026,Local,"Fiesta Local"
M·laga,CAMPILLOS,10-07-2026,Local,"Fiesta Local"
A CoruÒa,NEGREIRA,10-07-2026,Local,"Fiesta Local"
Pontevedra,CAMBADOS,11-07-2026,Local,"Fiesta Local"
Pontevedra,PORRI—O (O),11-07-2026,Local,"Fiesta Local"
Pontevedra,PONTEVEDRA,11-07-2026,Local,"Fiesta Local"
Santa Cruz de Tenerife,PUERTO DE LA CRUZ,13-07-2026,Local,"Fiesta Local"
Lleida,BALAGUER,13-07-2026,Local,"Fiesta Local"
Teruel,TERUEL,13-07-2026,Local,"Fiesta Local"
CÛrdoba,MONTILLA,14-07-2026,Local,"Fiesta Local"
Santa Cruz de Tenerife,PUERTO DE LA CRUZ,14-07-2026,Local,"Fiesta Local"
Asturias,CANGAS DEL NARCEA,16-07-2026,Local,"Fiesta Local"
M·laga,FUENGIROLA,16-07-2026,Local,"Fiesta Local"
Asturias,TAPIA DE CASARIEGO,16-07-2026,Local,"Fiesta Local"
Las Palmas,MOGAN,16-07-2026,Local,"Fiesta Local"
Pontevedra,BAIONA,16-07-2026,Local,"Fiesta Local"
Pontevedra,BUEU,16-07-2026,Local,"Fiesta Local"
Pontevedra,GROVE (O),16-07-2026,Local,"Fiesta Local"
Pontevedra,GUARDA (A),16-07-2026,Local,"Fiesta Local"
Pontevedra,MARIN,16-07-2026,Local,"Fiesta Local"
Pontevedra,MOA—A,16-07-2026,Local,"Fiesta Local"
Santa Cruz de Tenerife,SANTA CRUZ DE LA PALMA,16-07-2026,Local,"Fiesta Local"
Bizkaia,BARAKALDO,16-07-2026,Local,"Fiesta Local"
Bizkaia,SANTURTZI,16-07-2026,Local,"Fiesta Local"
Santa Cruz de Tenerife,PINAR DE EL HIERRO (EL),16-07-2026,Local,"Fiesta Local"
Santa Cruz de Tenerife,RESTINGA (LA),16-07-2026,Local,"Fiesta Local"
Illes Balears,PORTO CRISTO,16-07-2026,Local,"Fiesta Local"
Illes Balears,CALVIA,16-07-2026,Local,"Fiesta Local"
C·diz,ALGECIRAS,16-07-2026,Local,"Fiesta Local"
C·diz,BARBATE,16-07-2026,Local,"Fiesta Local"
C·diz,CONIL DE LA FRONTERA,16-07-2026,Local,"Fiesta Local"
C·diz,SAN FERNANDO,16-07-2026,Local,"Fiesta Local"
C·diz,TARIFA,16-07-2026,Local,"Fiesta Local"
A CoruÒa,BOIRO,16-07-2026,Local,"Fiesta Local"
A CoruÒa,CAMARI—AS,16-07-2026,Local,"Fiesta Local"
A CoruÒa,CORCUBION,16-07-2026,Local,"Fiesta Local"
Alicante,CAMPELLO (EL),16-07-2026,Local,"Fiesta Local"
Alicante,SANTA POLA,16-07-2026,Local,"Fiesta Local"
Alicante,TORREVIEJA,16-07-2026,Local,"Fiesta Local"
AlmerÌa,GARRUCHA,16-07-2026,Local,"Fiesta Local"
A CoruÒa,MELIDE,16-07-2026,Local,"Fiesta Local"
A CoruÒa,MUROS,16-07-2026,Local,"Fiesta Local"
A CoruÒa,NOIA,16-07-2026,Local,"Fiesta Local"
A CoruÒa,RIANXO,16-07-2026,Local,"Fiesta Local"
A CoruÒa,RIBEIRA,16-07-2026,Local,"Fiesta Local"
A CoruÒa,CARI—O,16-07-2026,Local,"Fiesta Local"
Lugo,FOZ,16-07-2026,Local,"Fiesta Local"
Madrid,POZUELO DE ALARCON,16-07-2026,Local,"Fiesta Local"
M·laga,BENALMADENA,16-07-2026,Local,"Fiesta Local"
Guadalajara,MOLINA DE ARAGON,16-07-2026,Local,"Fiesta Local"
Huelva,ISLA-CRISTINA,16-07-2026,Local,"Fiesta Local"
Huelva,PUNTA UMBRIA,16-07-2026,Local,"Fiesta Local"
M·laga,ESTEPONA,16-07-2026,Local,"Fiesta Local"
Asturias,GOZON,16-07-2026,Local,"Fiesta Local"
Sevilla,CAZALLA DE LA SIERRA,17-07-2026,Local,"Fiesta Local"
Alicante,ORIHUELA,17-07-2026,Local,"Fiesta Local"
Ourense,XINZO DE LIMIA,20-07-2026,Local,"Fiesta Local"
C·diz,LINEA DE LA CONCEPCION (LA),20-07-2026,Local,"Fiesta Local"
Girona,PUIGCERDA,20-07-2026,Local,"Fiesta Local"
Illes Balears,FELANITX,20-07-2026,Local,"Fiesta Local"
Asturias,LLANES,22-07-2026,Local,"Fiesta Local"
Asturias,CANGAS DEL NARCEA,22-07-2026,Local,"Fiesta Local"
Valencia,ALZIRA,23-07-2026,Local,"Fiesta Local"
M·laga,VELEZ MALAGA,24-07-2026,Local,"Fiesta Local"
Madrid,COLLADO VILLALBA,24-07-2026,Local,"Fiesta Local"
Girona,GIRONA,25-07-2026,Local,"Fiesta Local"
Las Palmas,GALDAR,25-07-2026,Local,"Fiesta Local"
Asturias,LANGREO,25-07-2026,Local,"Fiesta Local"
Illes Balears,MANACOR,25-07-2026,Local,"Fiesta Local"
Tarragona,R√ÅPITA (LA),25-07-2026,Local,"Fiesta Local"
Illes Balears,FORMENTERA,25-07-2026,Local,"Fiesta Local"
Asturias,GRADO,25-07-2026,Local,"Fiesta Local"
Las Palmas,SAN BARTOLOME DE TIRAJANA,25-07-2026,Local,"Fiesta Local"
Cantabria,SANTANDER,25-07-2026,Local,"Fiesta Local"
Asturias,CASTROPOL,25-07-2026,Local,"Fiesta Local"
C·diz,LINEA DE LA CONCEPCION (LA),27-07-2026,Local,"Fiesta Local"
Ciudad Real,ALMADEN,27-07-2026,Local,"Fiesta Local"
AlmerÌa,ROQUETAS DE MAR,27-07-2026,Local,"Fiesta Local"
La Rioja,CERVERA DEL RIO ALHAMA,27-07-2026,Local,"Fiesta Local"
Navarra,TUDELA,27-07-2026,Local,"Fiesta Local"
Asturias,GRADO,27-07-2026,Local,"Fiesta Local"
Asturias,CUDILLERO,27-07-2026,Local,"Fiesta Local"
Tarragona,VENDRELL (EL),27-07-2026,Local,"Fiesta Local"
Tarragona,VENDRELL (EL),28-07-2026,Local,"Fiesta Local"
Barcelona,MATARO,28-07-2026,Local,"Fiesta Local"
Alicante,VILLAJOYOSA/VILA JOIOSA (LA),29-07-2026,Local,"Fiesta Local"
A CoruÒa,ORTIGUEIRA,29-07-2026,Local,"Fiesta Local"
JaÈn,MARTOS,29-07-2026,Local,"Fiesta Local"
Valencia,TORRENT,30-07-2026,Local,"Fiesta Local"
Valencia,SAGUNTO/SAGUNT,30-07-2026,Local,"Fiesta Local"
Illes Balears,INCA,30-07-2026,Local,"Fiesta Local"
Bizkaia,SANTURTZI,31-07-2026,Local,"Fiesta Local"
Bizkaia,BALMASEDA,31-07-2026,Local,"Fiesta Local"
Gipuzkoa,ZARAUTZ,31-07-2026,Local,"Fiesta Local"
Bizkaia,ONDARROA,31-07-2026,Local,"Fiesta Local"
Bizkaia,LEKEITIO,31-07-2026,Local,"Fiesta Local"
Bizkaia,GERNIKA-LUMO,31-07-2026,Local,"Fiesta Local"
Bizkaia,GETXO,31-07-2026,Local,"Fiesta Local"
Bizkaia,DURANGO,31-07-2026,Local,"Fiesta Local"
Bizkaia,BILBAO,31-07-2026,Local,"Fiesta Local"
Bizkaia,BERMEO,31-07-2026,Local,"Fiesta Local"
Bizkaia,BASAURI,31-07-2026,Local,"Fiesta Local"
Bizkaia,BARAKALDO,31-07-2026,Local,"Fiesta Local"
Gipuzkoa,BEASAIN,31-07-2026,Local,"Fiesta Local"
Gipuzkoa,EIBAR,31-07-2026,Local,"Fiesta Local"
Gipuzkoa,HONDARRIBIA,31-07-2026,Local,"Fiesta Local"
Gipuzkoa,GETARIA,31-07-2026,Local,"Fiesta Local"
Gipuzkoa,IRUN,31-07-2026,Local,"Fiesta Local"
Gipuzkoa,DONOSTIA-SAN SEBASTIAN,31-07-2026,Local,"Fiesta Local"
Gipuzkoa,TOLOSA,31-07-2026,Local,"Fiesta Local"
Bizkaia,SESTAO,31-07-2026,Local,"Fiesta Local"
Bizkaia,PORTUGALETE,31-07-2026,Local,"Fiesta Local"
Valencia,XATIVA,01-08-2026,Local,"Fiesta Local"
Girona,SANT FELIU DE GUIXOLS,01-08-2026,Local,"Fiesta Local"
Huelva,HUELVA,03-08-2026,Local,"Fiesta Local"
Alicante,CALPE/CALP,05-08-2026,Local,"Fiesta Local"
Sevilla,PALACIOS Y VILLAFRANCA (LOS),05-08-2026,Local,"Fiesta Local"
Valencia,XATIVA,05-08-2026,Local,"Fiesta Local"
Araba/¡lava,VITORIA-GASTEIZ,05-08-2026,Local,"Fiesta Local"
Illes Balears,EIVISSA,05-08-2026,Local,"Fiesta Local"
JaÈn,LINARES,05-08-2026,Local,"Fiesta Local"
A CoruÒa,LINARES,05-08-2026,Local,"Fiesta Local"
Barcelona,VILANOVA I LA GELTRU,05-08-2026,Local,"Fiesta Local"
Santa Cruz de Tenerife,SANTA CRUZ DE LA PALMA,05-08-2026,Local,"Fiesta Local"
Valencia,ALDAIA,06-08-2026,Local,"Fiesta Local"
Gipuzkoa,GETARIA,06-08-2026,Local,"Fiesta Local"
Madrid,ALCALA DE HENARES,06-08-2026,Local,"Fiesta Local"
Albacete,RODA (LA),06-08-2026,Local,"Fiesta Local"
CastellÛn,ONDA,06-08-2026,Local,"Fiesta Local"
AlmerÌa,VELEZ RUBIO,07-08-2026,Local,"Fiesta Local"
M·laga,ALORA,07-08-2026,Local,"Fiesta Local"
Illes Balears,ARTA,07-08-2026,Local,"Fiesta Local"
Illes Balears,EIVISSA,08-08-2026,Local,"Fiesta Local"
Sevilla,CAZALLA DE LA SIERRA,10-08-2026,Local,"Fiesta Local"
Lugo,FOZ,10-08-2026,Local,"Fiesta Local"
Huesca,HUESCA,10-08-2026,Local,"Fiesta Local"
Badajoz,ALMENDRALEJO,14-08-2026,Local,"Fiesta Local"
Madrid,LEGANES,14-08-2026,Local,"Fiesta Local"
Huelva,VALVERDE DEL CAMINO,14-08-2026,Local,"Fiesta Local"
Asturias,NAVIA,16-08-2026,Local,"Fiesta Local"
Asturias,CASTROPOL,16-08-2026,Local,"Fiesta Local"
Soria,BURGO DE OSMA-CIUDAD DE OSMA,17-08-2026,Local,"Fiesta Local"
Huelva,LEPE,17-08-2026,Local,"Fiesta Local"
Asturias,NAVIA,17-08-2026,Local,"Fiesta Local"
Pontevedra,VIGO,17-08-2026,Local,"Fiesta Local"
Pontevedra,VILAGARCIA DE AROUSA,17-08-2026,Local,"Fiesta Local"
Cantabria,TORRELAVEGA,17-08-2026,Local,"Fiesta Local"
Valladolid,PE—AFIEL,17-08-2026,Local,"Fiesta Local"
Bizkaia,ONDARROA,17-08-2026,Local,"Fiesta Local"
Teruel,CALAMOCHA,17-08-2026,Local,"Fiesta Local"
Zaragoza,CASPE,17-08-2026,Local,"Fiesta Local"
Barcelona,ARENYS DE MAR,17-08-2026,Local,"Fiesta Local"
Girona,BISBAL D'EMPORDA (LA),17-08-2026,Local,"Fiesta Local"
A CoruÒa,CEDEIRA,17-08-2026,Local,"Fiesta Local"
Araba/¡lava,AMURRIO,17-08-2026,Local,"Fiesta Local"
Araba/¡lava,LAUDIO/LLODIO,17-08-2026,Local,"Fiesta Local"
AlmerÌa,GARRUCHA,17-08-2026,Local,"Fiesta Local"
A CoruÒa,A POBRA DO CARAMI—AL,17-08-2026,Local,"Fiesta Local"
LeÛn,BA—EZA (LA),17-08-2026,Local,"Fiesta Local"
LeÛn,VILLABLINO,17-08-2026,Local,"Fiesta Local"
Guadalajara,SIG‹ENZA,17-08-2026,Local,"Fiesta Local"
M·laga,CAMPILLOS,17-08-2026,Local,"Fiesta Local"
Soria,BURGO DE OSMA-CIUDAD DE OSMA,18-08-2026,Local,"Fiesta Local"
Valladolid,PE—AFIEL,18-08-2026,Local,"Fiesta Local"
Teruel,CALAMOCHA,18-08-2026,Local,"Fiesta Local"
A CoruÒa,SADA,18-08-2026,Local,"Fiesta Local"
Barcelona,MOLLET DEL VALLES,18-08-2026,Local,"Fiesta Local"
A CoruÒa,BETANZOS,18-08-2026,Local,"Fiesta Local"
Albacete,VILLARROBLEDO,18-08-2026,Local,"Fiesta Local"
Toledo,QUINTANAR DE LA ORDEN,18-08-2026,Local,"Fiesta Local"
Tarragona,TARRAGONA,19-08-2026,Local,"Fiesta Local"
M·laga,MALAGA,19-08-2026,Local,"Fiesta Local"
Cuenca,SAN CLEMENTE,20-08-2026,Local,"Fiesta Local"
Girona,BLANES,21-08-2026,Local,"Fiesta Local"
M·laga,ANTEQUERA,21-08-2026,Local,"Fiesta Local"
A CoruÒa,MALPICA DE BERGANTI—OS,21-08-2026,Local,"Fiesta Local"
Ciudad Real,CIUDAD REAL,22-08-2026,Local,"Fiesta Local"
Asturias,VALDES,22-08-2026,Local,"Fiesta Local"
Murcia,CIEZA,24-08-2026,Local,"Fiesta Local"
Las Palmas,SAN BARTOLOME DE TIRAJANA,24-08-2026,Local,"Fiesta Local"
Valencia,ONTINYENT,24-08-2026,Local,"Fiesta Local"
C·ceres,VALENCIA DE ALCANTARA,24-08-2026,Local,"Fiesta Local"
CastellÛn,BENICARLO,24-08-2026,Local,"Fiesta Local"
CastellÛn,NULES,24-08-2026,Local,"Fiesta Local"
Huelva,ARACENA,24-08-2026,Local,"Fiesta Local"
CÛrdoba,RUTE,24-08-2026,Local,"Fiesta Local"
Alicante,JIJONA/XIXONA,24-08-2026,Local,"Fiesta Local"
A CoruÒa,CARI—O,24-08-2026,Local,"Fiesta Local"
Cuenca,BELMONTE,24-08-2026,Local,"Fiesta Local"
Lugo,VIVEIRO,24-08-2026,Local,"Fiesta Local"
LeÛn,ASTORGA,24-08-2026,Local,"Fiesta Local"
CÛrdoba,MONTORO,24-08-2026,Local,"Fiesta Local"
Las Palmas,ARRECIFE,25-08-2026,Local,"Fiesta Local"
Ciudad Real,TOMELLOSO,25-08-2026,Local,"Fiesta Local"
Barcelona,IGUALADA,25-08-2026,Local,"Fiesta Local"
JaÈn,LINARES,28-08-2026,Local,"Fiesta Local"
Asturias,AVILES,28-08-2026,Local,"Fiesta Local"
Cantabria,LAREDO,28-08-2026,Local,"Fiesta Local"
Albacete,CASAS-IBA—EZ,28-08-2026,Local,"Fiesta Local"
Zaragoza,TARAZONA,28-08-2026,Local,"Fiesta Local"
Illes Balears,FELANITX,28-08-2026,Local,"Fiesta Local"
Bizkaia,BILBAO,28-08-2026,Local,"Fiesta Local"
Barcelona,GRANOLLERS,29-08-2026,Local,"Fiesta Local"
AlmerÌa,ALMERIA,29-08-2026,Local,"Fiesta Local"
Granada,LOJA,29-08-2026,Local,"Fiesta Local"
Barcelona,VILAFRANCA DEL PENEDES,30-08-2026,Local,"Fiesta Local"
Pontevedra,CANGAS,31-08-2026,Local,"Fiesta Local"
Valencia,PATERNA,31-08-2026,Local,"Fiesta Local"
C·diz,OLVERA,31-08-2026,Local,"Fiesta Local"
Ciudad Real,TOMELLOSO,31-08-2026,Local,"Fiesta Local"
Madrid,COLMENAR VIEJO,31-08-2026,Local,"Fiesta Local"
Albacete,ALMANSA,31-08-2026,Local,"Fiesta Local"
La Rioja,CALAHORRA,31-08-2026,Local,"Fiesta Local"
Lugo,VILALBA,31-08-2026,Local,"Fiesta Local"
A CoruÒa,BOIRO,31-08-2026,Local,"Fiesta Local"
Barcelona,VILAFRANCA DEL PENEDES,01-09-2026,Local,"Fiesta Local"
Lugo,VILALBA,01-09-2026,Local,"Fiesta Local"
Madrid,COLMENAR VIEJO,01-09-2026,Local,"Fiesta Local"
Barcelona,MANRESA,01-09-2026,Local,"Fiesta Local"
La Rioja,CERVERA DEL RIO ALHAMA,01-09-2026,Local,"Fiesta Local"
Cuenca,MOTILLA DEL PALANCAR,01-09-2026,Local,"Fiesta Local"
Guadalajara,MOLINA DE ARAGON,01-09-2026,Local,"Fiesta Local"
Valladolid,MEDINA DEL CAMPO,02-09-2026,Local,"Fiesta Local"
Bizkaia,LEKEITIO,02-09-2026,Local,"Fiesta Local"
CastellÛn,SEGORBE,02-09-2026,Local,"Fiesta Local"
Palencia,PALENCIA,02-09-2026,Local,"Fiesta Local"
M·laga,RONDA,03-09-2026,Local,"Fiesta Local"
CÛrdoba,PRIEGO DE CORDOBA,03-09-2026,Local,"Fiesta Local"
Albacete,ALCARAZ,04-09-2026,Local,"Fiesta Local"
Huesca,BARBASTRO,04-09-2026,Local,"Fiesta Local"
CastellÛn,SEGORBE,04-09-2026,Local,"Fiesta Local"
Pontevedra,SANXENXO,04-09-2026,Local,"Fiesta Local"
Madrid,ARANJUEZ,04-09-2026,Local,"Fiesta Local"
Soria,ALMAZAN,07-09-2026,Local,"Fiesta Local"
Tarragona,TORTOSA,07-09-2026,Local,"Fiesta Local"
Girona,OLOT,07-09-2026,Local,"Fiesta Local"
C·ceres,TRUJILLO,07-09-2026,Local,"Fiesta Local"
Zamora,PUEBLA DE SANABRIA,07-09-2026,Local,"Fiesta Local"
CÛrdoba,MONTILLA,07-09-2026,Local,"Fiesta Local"
Badajoz,DON BENITO,07-09-2026,Local,"Fiesta Local"
Segovia,SANTA MARIA LA REAL DE NIEVA,07-09-2026,Local,"Fiesta Local"
JaÈn,ANDUJAR,07-09-2026,Local,"Fiesta Local"
Madrid,POZUELO DE ALARCON,07-09-2026,Local,"Fiesta Local"
Santa Cruz de Tenerife,G‹IMAR,07-09-2026,Local,"Fiesta Local"
Salamanca,BEJAR,07-09-2026,Local,"Fiesta Local"
Valladolid,TORDESILLAS,08-09-2026,Local,"Fiesta Local"
Valladolid,VALLADOLID,08-09-2026,Local,"Fiesta Local"
Bizkaia,BERMEO,08-09-2026,Local,"Fiesta Local"
Zamora,PUEBLA DE SANABRIA,08-09-2026,Local,"Fiesta Local"
Zamora,TORO,08-09-2026,Local,"Fiesta Local"
Tarragona,MONTBLANC,08-09-2026,Local,"Fiesta Local"
Tarragona,R√ÅPITA (LA),08-09-2026,Local,"Fiesta Local"
Toledo,TALAVERA DE LA REINA,08-09-2026,Local,"Fiesta Local"
Zaragoza,CALATAYUD,08-09-2026,Local,"Fiesta Local"
Melilla,MELILLA,08-09-2026,Local,"Fiesta Local"
Sevilla,CORIA DEL RIO,08-09-2026,Local,"Fiesta Local"
Sevilla,CARMONA,08-09-2026,Local,"Fiesta Local"
Sevilla,LORA DEL RIO,08-09-2026,Local,"Fiesta Local"
Sevilla,OSUNA,08-09-2026,Local,"Fiesta Local"
Sevilla,UTRERA,08-09-2026,Local,"Fiesta Local"
M·laga,MALAGA,08-09-2026,Local,"Fiesta Local"
M·laga,MIJAS,08-09-2026,Local,"Fiesta Local"
Murcia,CIEZA,08-09-2026,Local,"Fiesta Local"
Murcia,LORCA,08-09-2026,Local,"Fiesta Local"
Ourense,RIBADAVIA,08-09-2026,Local,"Fiesta Local"
Ourense,VERIN,08-09-2026,Local,"Fiesta Local"
Las Palmas,ARUCAS,08-09-2026,Local,"Fiesta Local"
Las Palmas,GALDAR,08-09-2026,Local,"Fiesta Local"
Las Palmas,MOGAN,08-09-2026,Local,"Fiesta Local"
Las Palmas,LAS PALMAS DE GRAN CANARIA,08-09-2026,Local,"Fiesta Local"
Las Palmas,SAN BARTOLOME DE TIRAJANA,08-09-2026,Local,"Fiesta Local"
Las Palmas,SANTA LUCIA TIRAJANA,08-09-2026,Local,"Fiesta Local"
Las Palmas,TELDE,08-09-2026,Local,"Fiesta Local"
Pontevedra,MARIN,08-09-2026,Local,"Fiesta Local"
Salamanca,BEJAR,08-09-2026,Local,"Fiesta Local"
Salamanca,CIUDAD-RODRIGO,08-09-2026,Local,"Fiesta Local"
Salamanca,SALAMANCA,08-09-2026,Local,"Fiesta Local"
Cantabria,SANTO—A,08-09-2026,Local,"Fiesta Local"
Cantabria,SAN VICENTE DE LA BARQUERA,08-09-2026,Local,"Fiesta Local"
Valencia,SUECA,08-09-2026,Local,"Fiesta Local"
Valladolid,MEDINA DE RIOSECO,08-09-2026,Local,"Fiesta Local"
Alicante,SANTA POLA,08-09-2026,Local,"Fiesta Local"
AlmerÌa,ADRA,08-09-2026,Local,"Fiesta Local"
Cuenca,TARANCON,08-09-2026,Local,"Fiesta Local"
Lleida,TREMP,08-09-2026,Local,"Fiesta Local"
La Rioja,ARNEDO,08-09-2026,Local,"Fiesta Local"
La Rioja,HARO,08-09-2026,Local,"Fiesta Local"
Lugo,RIBADEO,08-09-2026,Local,"Fiesta Local"
Lugo,SARRIA,08-09-2026,Local,"Fiesta Local"
Madrid,ALCORCON,08-09-2026,Local,"Fiesta Local"
Madrid,SAN MARTIN DE VALDEIGLESIAS,08-09-2026,Local,"Fiesta Local"
M·laga,ALORA,08-09-2026,Local,"Fiesta Local"
M·laga,ANTEQUERA,08-09-2026,Local,"Fiesta Local"
LeÛn,CISTIERNA,08-09-2026,Local,"Fiesta Local"
LeÛn,PONFERRADA,08-09-2026,Local,"Fiesta Local"
LeÛn,VALENCIA DE DON JUAN,08-09-2026,Local,"Fiesta Local"
Guadalajara,GUADALAJARA,08-09-2026,Local,"Fiesta Local"
Gipuzkoa,HONDARRIBIA,08-09-2026,Local,"Fiesta Local"
Huelva,AYAMONTE,08-09-2026,Local,"Fiesta Local"
Huelva,CORTEGANA,08-09-2026,Local,"Fiesta Local"
Huelva,HUELVA,08-09-2026,Local,"Fiesta Local"
Huelva,MOGUER,08-09-2026,Local,"Fiesta Local"
Huesca,BARBASTRO,08-09-2026,Local,"Fiesta Local"
JaÈn,UBEDA,08-09-2026,Local,"Fiesta Local"
Segovia,SANTA MARIA LA REAL DE NIEVA,08-09-2026,Local,"Fiesta Local"
¡vila,ARENAS DE SAN PEDRO,08-09-2026,Local,"Fiesta Local"
Illes Balears,MAO,08-09-2026,Local,"Fiesta Local"
Barcelona,BERGA,08-09-2026,Local,"Fiesta Local"
Barcelona,SABADELL,08-09-2026,Local,"Fiesta Local"
Girona,OLOT,08-09-2026,Local,"Fiesta Local"
Girona,PUIGCERDA,08-09-2026,Local,"Fiesta Local"
Granada,BAZA,08-09-2026,Local,"Fiesta Local"
C·diz,CONIL DE LA FRONTERA,08-09-2026,Local,"Fiesta Local"
C·diz,CHICLANA DE LA FRONTERA,08-09-2026,Local,"Fiesta Local"
C·diz,PUERTO DE SANTA MARIA(EL),08-09-2026,Local,"Fiesta Local"
C·diz,TARIFA,08-09-2026,Local,"Fiesta Local"
C·diz,VILLAMARTIN,08-09-2026,Local,"Fiesta Local"
CastellÛn,BORRIANA/BURRIANA,08-09-2026,Local,"Fiesta Local"
Ciudad Real,ALCAZAR DE SAN JUAN,08-09-2026,Local,"Fiesta Local"
Ciudad Real,PUERTOLLANO,08-09-2026,Local,"Fiesta Local"
Ciudad Real,VALDEPE—AS,08-09-2026,Local,"Fiesta Local"
Ciudad Real,VILLANUEVA DE LOS INFANTES,08-09-2026,Local,"Fiesta Local"
CÛrdoba,CABRA,08-09-2026,Local,"Fiesta Local"
CÛrdoba,CORDOBA,08-09-2026,Local,"Fiesta Local"
CÛrdoba,PALMA DEL RIO,08-09-2026,Local,"Fiesta Local"
A CoruÒa,FISTERRA,08-09-2026,Local,"Fiesta Local"
Albacete,ALBACETE,08-09-2026,Local,"Fiesta Local"
Alicante,ELDA,08-09-2026,Local,"Fiesta Local"
Alicante,ORIHUELA,08-09-2026,Local,"Fiesta Local"
Tarragona,MONTBLANC,09-09-2026,Local,"Fiesta Local"
Teruel,ALCA—IZ,09-09-2026,Local,"Fiesta Local"
Alicante,ELDA,09-09-2026,Local,"Fiesta Local"
Badajoz,ALBURQUERQUE,09-09-2026,Local,"Fiesta Local"
Granada,GUADIX,09-09-2026,Local,"Fiesta Local"
LeÛn,PONFERRADA,09-09-2026,Local,"Fiesta Local"
Teruel,ALCA—IZ,10-09-2026,Local,"Fiesta Local"
Lleida,TARREGA,10-09-2026,Local,"Fiesta Local"
AlmerÌa,ADRA,10-09-2026,Local,"Fiesta Local"
Alicante,VILLENA,10-09-2026,Local,"Fiesta Local"
Sevilla,ECIJA,11-09-2026,Local,"Fiesta Local"
CÛrdoba,LUCENA,11-09-2026,Local,"Fiesta Local"
Madrid,ARGANDA DEL REY,11-09-2026,Local,"Fiesta Local"
Sevilla,LEBRIJA,11-09-2026,Local,"Fiesta Local"
Santa Cruz de Tenerife,PINAR DE EL HIERRO (EL),12-09-2026,Local,"Fiesta Local"
Sevilla,ECIJA,12-09-2026,Local,"Fiesta Local"
Sevilla,LEBRIJA,12-09-2026,Local,"Fiesta Local"
Burgos,MIRANDA DE EBRO,12-09-2026,Local,"Fiesta Local"
Madrid,MOSTOLES,12-09-2026,Local,"Fiesta Local"
Huelva,VALVERDE DEL CAMINO,12-09-2026,Local,"Fiesta Local"
Cuenca,BELMONTE,12-09-2026,Local,"Fiesta Local"
Teruel,MONTALBAN,14-09-2026,Local,"Fiesta Local"
CÛrdoba,BAENA,14-09-2026,Local,"Fiesta Local"
Murcia,YECLA,14-09-2026,Local,"Fiesta Local"
Ourense,BARCO DE VALDEORRAS (O),14-09-2026,Local,"Fiesta Local"
Santa Cruz de Tenerife,SAN CRISTOBAL DE LA LAGUNA,14-09-2026,Local,"Fiesta Local"
Cantabria,POTES,14-09-2026,Local,"Fiesta Local"
Lugo,MONDO—EDO,14-09-2026,Local,"Fiesta Local"
Madrid,ARGANDA DEL REY,14-09-2026,Local,"Fiesta Local"
Madrid,FUENLABRADA,14-09-2026,Local,"Fiesta Local"
LeÛn,VALENCIA DE DON JUAN,14-09-2026,Local,"Fiesta Local"
JaÈn,VILLACARRILLO,14-09-2026,Local,"Fiesta Local"
¡vila,PIEDRAHITA,14-09-2026,Local,"Fiesta Local"
Burgos,ARANDA DE DUERO,14-09-2026,Local,"Fiesta Local"
C·ceres,HERVAS,14-09-2026,Local,"Fiesta Local"
Ciudad Real,ALMADEN,14-09-2026,Local,"Fiesta Local"
Ciudad Real,MANZANARES,14-09-2026,Local,"Fiesta Local"
Toledo,MADRIDEJOS,14-09-2026,Local,"Fiesta Local"
Valladolid,TORDESILLAS,15-09-2026,Local,"Fiesta Local"
Murcia,MURCIA,15-09-2026,Local,"Fiesta Local"
C·ceres,HERVAS,15-09-2026,Local,"Fiesta Local"
Las Palmas,ARRECIFE,15-09-2026,Local,"Fiesta Local"
Burgos,ARANDA DE DUERO,15-09-2026,Local,"Fiesta Local"
Ourense,CELANOVA,15-09-2026,Local,"Fiesta Local"
La Rioja,NAJERA,16-09-2026,Local,"Fiesta Local"
Cantabria,TORRELAVEGA,16-09-2026,Local,"Fiesta Local"
JaÈn,CAZORLA,17-09-2026,Local,"Fiesta Local"
Melilla,MELILLA,17-09-2026,Local,"Fiesta Local"
Sevilla,MORON DE LA FRONTERA,18-09-2026,Local,"Fiesta Local"
Las Palmas,PUERTO DEL ROSARIO,18-09-2026,Local,"Fiesta Local"
Cantabria,LAREDO,18-09-2026,Local,"Fiesta Local"
Ciudad Real,VILLANUEVA DE LOS INFANTES,18-09-2026,Local,"Fiesta Local"
Guadalajara,GUADALAJARA,18-09-2026,Local,"Fiesta Local"
Huelva,PALMA DEL CONDADO (LA),18-09-2026,Local,"Fiesta Local"
JaÈn,ALCALA LA REAL,18-09-2026,Local,"Fiesta Local"
A CoruÒa,RIANXO,18-09-2026,Local,"Fiesta Local"
Sevilla,CORIA DEL RIO,21-09-2026,Local,"Fiesta Local"
C·diz,VILLAMARTIN,21-09-2026,Local,"Fiesta Local"
Murcia,MOLINA DE SEGURA,21-09-2026,Local,"Fiesta Local"
Murcia,MULA,21-09-2026,Local,"Fiesta Local"
Asturias,OVIEDO,21-09-2026,Local,"Fiesta Local"
Cantabria,REINOSA,21-09-2026,Local,"Fiesta Local"
A CoruÒa,NEGREIRA,21-09-2026,Local,"Fiesta Local"
A CoruÒa,A POBRA DO CARAMI—AL,21-09-2026,Local,"Fiesta Local"
Cuenca,CUENCA,21-09-2026,Local,"Fiesta Local"
La Rioja,LOGRO—O,21-09-2026,Local,"Fiesta Local"
Huelva,PALMA DEL CONDADO (LA),21-09-2026,Local,"Fiesta Local"
Huesca,MONZON,21-09-2026,Local,"Fiesta Local"
Sevilla,ALCALA DE GUADAIRA,21-09-2026,Local,"Fiesta Local"
Barcelona,ESPLUGUES DE LLOBREGAT,21-09-2026,Local,"Fiesta Local"
Guadalajara,AZUQUECA DE HENARES,21-09-2026,Local,"Fiesta Local"
Sevilla,MORON DE LA FRONTERA,21-09-2026,Local,"Fiesta Local"
Pontevedra,LALIN,22-09-2026,Local,"Fiesta Local"
Tarragona,TARRAGONA,23-09-2026,Local,"Fiesta Local"
Murcia,MULA,23-09-2026,Local,"Fiesta Local"
Barcelona,CALELLA,23-09-2026,Local,"Fiesta Local"
Pontevedra,LALIN,23-09-2026,Local,"Fiesta Local"
Pontevedra,GUARDA (A),23-09-2026,Local,"Fiesta Local"
Bizkaia,GETXO,24-09-2026,Local,"Fiesta Local"
Santa Cruz de Tenerife,RESTINGA (LA),24-09-2026,Local,"Fiesta Local"
Sevilla,PALACIOS Y VILLAFRANCA (LOS),24-09-2026,Local,"Fiesta Local"
Asturias,CANGAS DE ONIS,24-09-2026,Local,"Fiesta Local"
Santa Cruz de Tenerife,VALVERDE,24-09-2026,Local,"Fiesta Local"
Barcelona,BADALONA,24-09-2026,Local,"Fiesta Local"
C·diz,SAN FERNANDO,24-09-2026,Local,"Fiesta Local"
Barcelona,HOSPITALET DE LLOBREGAT (L'),24-09-2026,Local,"Fiesta Local"
Barcelona,MONTCADA I REIXAC,24-09-2026,Local,"Fiesta Local"
Barcelona,SANT ADRIA DE BESOS,24-09-2026,Local,"Fiesta Local"
Barcelona,SANTA COLOMA DE GRAMENET,24-09-2026,Local,"Fiesta Local"
C·diz,JEREZ DE LA FRONTERA,24-09-2026,Local,"Fiesta Local"
Barcelona,BARCELONA,24-09-2026,Local,"Fiesta Local"
Zaragoza,ALMUNIA DE DO—A GODINA (LA),25-09-2026,Local,"Fiesta Local"
Tarragona,REUS,25-09-2026,Local,"Fiesta Local"
Murcia,CARTAGENA,25-09-2026,Local,"Fiesta Local"
Granada,ORGIVA,25-09-2026,Local,"Fiesta Local"
Segovia,CUELLAR,25-09-2026,Local,"Fiesta Local"
Girona,SANTA COLOMA DE FARNERS,25-09-2026,Local,"Fiesta Local"
Pontevedra,BAIONA,25-09-2026,Local,"Fiesta Local"
Asturias,MIERES DEL CAMINO,28-09-2026,Local,"Fiesta Local"
Barcelona,PRAT DE LLOBREGAT (EL),28-09-2026,Local,"Fiesta Local"
Pontevedra,PORRI—O (O),28-09-2026,Local,"Fiesta Local"
Valencia,CATARROJA,29-09-2026,Local,"Fiesta Local"
Valencia,LLIRIA,29-09-2026,Local,"Fiesta Local"
Pontevedra,PONTEAREAS,29-09-2026,Local,"Fiesta Local"
Illes Balears,LLUCMAJOR,29-09-2026,Local,"Fiesta Local"
Lleida,LLEIDA,29-09-2026,Local,"Fiesta Local"
JaÈn,UBEDA,29-09-2026,Local,"Fiesta Local"
Alicante,VILLAJOYOSA/VILA JOIOSA (LA),29-09-2026,Local,"Fiesta Local"
Soria,SORIA,02-10-2026,Local,"Fiesta Local"
Albacete,HELLIN,02-10-2026,Local,"Fiesta Local"
M·laga,VELEZ MALAGA,02-10-2026,Local,"Fiesta Local"
Santa Cruz de Tenerife,ARONA,05-10-2026,Local,"Fiesta Local"
LeÛn,LEON,05-10-2026,Local,"Fiesta Local"
Lugo,LUGO,05-10-2026,Local,"Fiesta Local"
Valencia,GANDIA,05-10-2026,Local,"Fiesta Local"
Zaragoza,TARAZONA,05-10-2026,Local,"Fiesta Local"
Burgos,MEDINA DE POMAR,05-10-2026,Local,"Fiesta Local"
Santa Cruz de Tenerife,SAN SEBASTIAN DE LA GOMERA,05-10-2026,Local,"Fiesta Local"
Badajoz,ZAFRA,06-10-2026,Local,"Fiesta Local"
JaÈn,VILLACARRILLO,07-10-2026,Local,"Fiesta Local"
AlmerÌa,ROQUETAS DE MAR,07-10-2026,Local,"Fiesta Local"
C·diz,CADIZ,07-10-2026,Local,"Fiesta Local"
Huelva,ISLA-CRISTINA,07-10-2026,Local,"Fiesta Local"
CÛrdoba,MONTORO,07-10-2026,Local,"Fiesta Local"
CÛrdoba,PE—ARROYA-PUEBLONUEVO,07-10-2026,Local,"Fiesta Local"
A CoruÒa,CORU—A (A),07-10-2026,Local,"Fiesta Local"
Las Palmas,PUERTO DEL ROSARIO,07-10-2026,Local,"Fiesta Local"
M·laga,FUENGIROLA,07-10-2026,Local,"Fiesta Local"
Madrid,ALCALA DE HENARES,09-10-2026,Local,"Fiesta Local"
Madrid,LEGANES,09-10-2026,Local,"Fiesta Local"
Huesca,FRAGA,09-10-2026,Local,"Fiesta Local"
Barcelona,SANT FELIU DE LLOBREGAT,10-10-2026,Local,"Fiesta Local"
Huesca,FRAGA,13-10-2026,Local,"Fiesta Local"
Bizkaia,DURANGO,13-10-2026,Local,"Fiesta Local"
Bizkaia,BASAURI,13-10-2026,Local,"Fiesta Local"
Asturias,LENA,13-10-2026,Local,"Fiesta Local"
CastellÛn,VALL D'UIXO (LA),13-10-2026,Local,"Fiesta Local"
Pontevedra,CA—IZA (A),15-10-2026,Local,"Fiesta Local"
M·laga,MIJAS,15-10-2026,Local,"Fiesta Local"
Guadalajara,PASTRANA,15-10-2026,Local,"Fiesta Local"
Alicante,CAMPELLO (EL),15-10-2026,Local,"Fiesta Local"
¡vila,AVILA,15-10-2026,Local,"Fiesta Local"
AlmerÌa,HUERCAL-OVERA,16-10-2026,Local,"Fiesta Local"
M·laga,MARBELLA,19-10-2026,Local,"Fiesta Local"
Sevilla,DOS HERMANAS,19-10-2026,Local,"Fiesta Local"
Lugo,MONDO—EDO,19-10-2026,Local,"Fiesta Local"
¡vila,ARENAS DE SAN PEDRO,19-10-2026,Local,"Fiesta Local"
C·diz,SANLUCAR DE BARRAMEDA,19-10-2026,Local,"Fiesta Local"
CastellÛn,ONDA,19-10-2026,Local,"Fiesta Local"
AlmerÌa,HUERCAL-OVERA,20-10-2026,Local,"Fiesta Local"
Granada,HUESCAR,22-10-2026,Local,"Fiesta Local"
Alicante,CALPE/CALP,22-10-2026,Local,"Fiesta Local"
Bizkaia,BALMASEDA,23-10-2026,Local,"Fiesta Local"
CÛrdoba,CORDOBA,24-10-2026,Local,"Fiesta Local"
Albacete,HELLIN,24-10-2026,Local,"Fiesta Local"
Las Palmas,SANTA LUCIA TIRAJANA,24-10-2026,Local,"Fiesta Local"
Segovia,SEGOVIA,26-10-2026,Local,"Fiesta Local"
Girona,GIRONA,29-10-2026,Local,"Fiesta Local"
Madrid,MADRID,09-11-2026,Local,"Fiesta Local"
Lleida,BALAGUER,09-11-2026,Local,"Fiesta Local"
Alicante,BENIDORM,09-11-2026,Local,"Fiesta Local"
Alicante,BENIDORM,10-11-2026,Local,"Fiesta Local"
Pontevedra,BUEU,11-11-2026,Local,"Fiesta Local"
Ourense,OURENSE,11-11-2026,Local,"Fiesta Local"
Madrid,SAN MARTIN DE VALDEIGLESIAS,11-11-2026,Local,"Fiesta Local"
Pontevedra,GROVE (O),11-11-2026,Local,"Fiesta Local"
Barcelona,CERDANYOLA DEL VALLES,11-11-2026,Local,"Fiesta Local"
Pontevedra,MOA—A,11-11-2026,Local,"Fiesta Local"
Huelva,AYAMONTE,13-11-2026,Local,"Fiesta Local"
Valencia,ONTINYENT,16-11-2026,Local,"Fiesta Local"
Las Palmas,TELDE,17-11-2026,Local,"Fiesta Local"
Murcia,MAZARRON,17-11-2026,Local,"Fiesta Local"
Illes Balears,INCA,20-11-2026,Local,"Fiesta Local"
Murcia,LORCA,23-11-2026,Local,"Fiesta Local"
JaÈn,CAROLINA (LA),24-11-2026,Local,"Fiesta Local"
JaÈn,JAEN,25-11-2026,Local,"Fiesta Local"
Toledo,TOLEDO,26-11-2026,Local,"Fiesta Local"
Cantabria,CASTRO-URDIALES,30-11-2026,Local,"Fiesta Local"
Illes Balears,FORMENTERA,03-12-2026,Local,"Fiesta Local"
Navarra,TAFALLA,03-12-2026,Local,"Fiesta Local"
Navarra,DONEZTEBE/SANTESTEBAN,03-12-2026,Local,"Fiesta Local"
Navarra,PAMPLONA/IRU—A,03-12-2026,Local,"Fiesta Local"
Navarra,ESTELLA-LIZARRA,03-12-2026,Local,"Fiesta Local"
Murcia,SAN JAVIER,03-12-2026,Local,"Fiesta Local"
Navarra,TUDELA,03-12-2026,Local,"Fiesta Local"
CÛrdoba,PE—ARROYA-PUEBLONUEVO,04-12-2026,Local,"Fiesta Local"
Granada,BAZA,04-12-2026,Local,"Fiesta Local"
LeÛn,VILLABLINO,04-12-2026,Local,"Fiesta Local"
Barcelona,SANT BOI DE LLOBREGAT,07-12-2026,Local,"Fiesta Local"
Murcia,YECLA,09-12-2026,Local,"Fiesta Local"
Badajoz,MERIDA,10-12-2026,Local,"Fiesta Local"
Murcia,TOTANA,10-12-2026,Local,"Fiesta Local"
Barcelona,GAVA,14-12-2026,Local,"Fiesta Local"
CastellÛn,VILA-REAL,26-12-2026,Local,"Fiesta Local"
Madrid,FUENLABRADA,26-12-2026,Local,"Fiesta Local"
Ciudad Real,ALCAZAR DE SAN JUAN,28-12-2026,Local,"Fiesta Local"
Alicante,ELCHE/ELX,29-12-2026,Local,"Fiesta Local"
